CREATE TABLE CONTACTS (ID INT, FIRST_NAME VARCHAR, LAST_NAME VARCHAR, EMAIL VARCHAR, PHONE_NUMBER VARCHAR,ADDRESS_ID INT,DELETED BIT, PRIMARY KEY (id));
INSERT INTO CONTACTS (ID,FIRST_NAME, LAST_NAME, EMAIL, PHONE_NUMBER,ADDRESS_ID,DELETED)
VALUES
(1,'GUILLERMO','SÁEZ GÓMEZ','guillermosaezgomez@gmail.com','+32483994103',1,0),
(2,'MARIO','BAUMANN','mario@baumann.de','+320123123123',2,0);


CREATE TABLE COMPANIES (ID INT, NAME VARCHAR, VAT_NUMBER VARCHAR, ADDRESS_ID INT,DELETED BIT,PRIMARY KEY (ID));
INSERT INTO COMPANIES (ID,NAME,VAT_NUMBER,ADDRESS_ID,DELETED)
VALUES
(1, 'ABC & CO','ES123123123',3,0),
(2,'EUREN','BE0395719482',3,0),
(3,'UNIVERSITY OF KENT','UK105948294',3,0);

CREATE TABLE ADDRESSES (ID INT, STREET_NAME VARCHAR,STREET_NUMBER VARCHAR,POSTCODE VARCHAR,CITY VARCHAR,COUNTRY VARCHAR,DELETED BIT,PRIMARY KEY(ID));
INSERT INTO ADDRESSES (ID, STREET_NAME,STREET_NUMBER,POSTCODE,CITY,COUNTRY,DELETED)
VALUES
(1,'Ernest Solvaystraat', '23','1050','Elsene','Belgium',0),
(2,'Kolenmarkt','1','1000','Brussels','Belgium',0),
(3,'Plaza de España','34','28001', 'Madrid','Spain',0);

--CREATE TABLE CONTACTS_ADDRESSES (CONTACTS_ID INT,ADDRESSES_ID INT);
--INSERT INTO CONTACTS_ADDRESSES (CONTACTS_ID,ADDRESSES_ID)
--VALUES
--(1,3),
--(2,2);

CREATE TABLE CONTACTS_COMPANIES (CONTACTS_ID INT, COMPANIES_ID INT,
PRIMARY KEY (CONTACTS_ID,COMPANIES_ID),
 FOREIGN KEY (CONTACTS_ID) REFERENCES CONTACTS(ID),FOREIGN KEY (COMPANIES_ID) REFERENCES COMPANIES(ID));
INSERT INTO CONTACTS_COMPANIES (CONTACTS_ID,COMPANIES_ID)
VALUES
 (1,1),
 (1,2),
 (2,1),
 (2,2);

 CREATE TABLE COMPANIES_ADDRESSES (COMPANIES_ID INT,ADDRESSES_ID INT);
 INSERT INTO COMPANIES_ADDRESSES (COMPANIES_ID,ADDRESSES_ID)
 VALUES
 (1,1),
 (1,2),
 (2,3),
 (3,3);

